{
	"version": "0.1.1",
	"description": "Web browser popup plugin. After installing it you can open webpages via search box like: webbrowse:https://movian.tv or you create bookmarks like that.\nFeature is supported only on following platforms Linux, OS X, PS3",
	"author": "lprot",
	"homepage": "https://github.com/lprot/showtime-plugins",
	"title": "Web browser popup plugin",
	"synopsis": "Web browser plugin",
	"file": "webbrowserpopup.js",
	"showtimeVersion": "4.10",
	"type": "ecmascript",
	"id": "webbrowserpopup",
	"icon": "logo.png",
	"category": "other",
        "apiversion": 2
}
