{
	"description": "<p>Várunk téged is a filmezz.eu-n, az online filmek birodalmában!<p><a href=\"http://filmezz.eu\">http://filmezz.eu</a>",
	"author": "lprot", 
	"homepage": "http://github.com/lprot/showtime-plugins",
	"title": "filmezz.eu",
	"synopsis": "filmezz.eu: Várunk téged is a filmezz.eu-n, az online filmek birodalmában!",
	"version": "0.4.8",
        "file": "filmezz.js",
	"showtimeVersion": "4.8",
	"type": "ecmascript",
	"id": "filmezz.eu",
	"category": "video",
	"icon": "logo.png"
}
