{
	"description": "<p>MEGOGO.NET - лучший онлайн кинотеатр с бесплатным легальным контентом<p>Для дополнительной информации, посетите <a href=\"http://megogo.net\">http://megogo.net</a>",
	"author": "lprot", 
	"homepage": "http://github.com/lprot/showtime-plugins",
	"title": "MEGOGO.NET",
	"synopsis": "MEGOGO.NET - лучший онлайн кинотеатр с бесплатным легальным контентом",
	"version": "0.9.2",
        "file": "megogo.js",
	"showtimeVersion": "4.8",
	"type": "ecmascript",
	"id": "megogo.net",
	"icon": "logo.png",
	"category": "video"
}
