{
	"description": "<p>Porno films online | You can watch video completely free of charge<p>For additional info visit <a href=\"http://kordonivkakino.net\">http://kordonivkakino.net</a>",
	"author": "lprot", 
	"homepage": "http://github.com/lprot/showtime-plugins",
	"title": "kordonivkakino.net",
	"synopsis": "kordonivkakino.net: Porno films online | You can watch video completely free of charge",
	"version": "0.3.7",
        "file": "kordonivkakino.js",
	"showtimeVersion": "4.8",
	"type": "ecmascript",
	"id": "kordonivkakino.net",
	"category": "video",
	"icon": "logo.png"
}
