{
	"description": "<p>Baskino.com - Онлайн фильмы в хорошем HD качестве бесплатно и без регистрации<p>Для дополнительной информации, посетите <a href=\"http://baskino.com\">http://baskino.com</a>",
	"author": "lprot", 
	"homepage": "http://github.com/lprot/showtime-plugins",
	"title": "Baskino.com",
	"synopsis": "Baskino.com: Онлайн фильмы в хорошем HD качестве бесплатно и без регистрации",
	"version": "0.4.7",
        "file": "baskino.js",
	"showtimeVersion": "4.8",
	"type": "ecmascript",
	"id": "baskino.com",
	"category": "video",
	"icon": "logo.png"
}
