{
	"description": "<p>INGFILM.RU | HD Фильмы Онлайн<p>Для дополнительной информации, посетите <a href=\"http://ingfilm.ru\">http://ingfilm.ru</a>",
	"author": "lprot", 
	"homepage": "http://github.com/lprot/showtime-plugins",
	"title": "ingfilm.ru",
	"synopsis": "INGFILM.RU | HD Фильмы Онлайн",
	"version": "0.3.7",
        "file": "ingfilm.js",
	"showtimeVersion": "4.8",
	"type": "ecmascript",
	"id": "ingfilm.ru",
	"icon": "logo.png",
	"category": "video"
}
