{
	"description": "<p>Google Drive is a file storage and synchronization service provided by Google, released on April 24, 2012, which enables user cloud storage, file sharing and collaborative editing.<p>For additional info, visit <a href=\"https://www.google.com/drive/\">https://www.google.com/drive/</a>",
	"author": "lprot",
	"homepage": "http://github.com/lprot/showtime-plugins",
	"title": "Google Drive",
	"synopsis": "Google Drive – Keep everything. Share anything.",
	"version": "0.1.4",
        "file": "gdrive.js",
	"showtimeVersion": "4.8",
	"type": "ecmascript",
	"id": "gdrive",
	"icon": "logo.png",
	"category": "video"
}
