{
	"description": "<p>PORNO FILMS ONLINE | You can watch video completely free of charge<p>For additional info visit <a href=\"http://paradisehill.tv\">http://paradisehill.tv/en</a>",
	"author": "lprot", 
	"homepage": "http://github.com/lprot/showtime-plugins",
	"title": "paradisehill.tv",
	"synopsis": "paradisehill.tv: PORNO FILMS ONLINE | You can watch video completely free of charge",
	"version": "0.3.1",
        "file": "paradisehill.js",
	"showtimeVersion": "4.8",
	"type": "ecmascript",
	"id": "paradisehill.tv",
	"category": "video",
	"icon": "logo.png"
}
