{
	"description": "Twitch is the world's leading video platform and community for gamers. More than 45 million gamers gather every month on Twitch to broadcast, watch and chat about gaming. Twitch's video platform is the backbone of both live and on-demand distribution for the entire video game ecosystem. This includes game publishers, developers, media outlets, industry conventions and press conferences, casual gamers and gaming for charity events. Twitch also caters to the entire esports industry, spanning the top pro players, tournaments, leagues, talk shows and organizations. Learn more at <a href=\"http://twitch.tv\">http://twitch.tv</a>",
	"author": "lprot, F\u00e1bio Ferreira (facanferff)",
	"homepage": "https://github.com/lprot/showtime-plugins",
	"title": "TwitchTV",
	"synopsis": "Twitch.TV: Game streaming.",
	"version": "2.0.9",
	"file": "twitchtv.js",
	"showtimeVersion": "4.8",
	"type": "ecmascript",
	"id": "twitchtv",
	"icon": "logo.png",
	"category": "video"
}
