{
	"description": "<p>Copy.com is a service that enables you to access files from everywhere. Share without boundaries <p>For additional info, visit <a href=\"http://copy.com\">http://copy.com</a>",
	"author": "lprot",
	"homepage": "https://github.com/lprot/showtime-plugins",
	"title": "Copy.com",
	"synopsis": "Sync, Protect and Share, Everywhere",
	"version": "0.2.2",
        "file": "copy.js",
	"showtimeVersion": "4.8",
	"type": "ecmascript",
	"id": "copydotcom",
	"icon": "logo.png",
	"category": "video"
}
