{
	"description": "<p>Watch.is - Онлайн фильмы<p>Для дополнительной информации, посетите <a href=\"http://watch.is\">http://watch.is</a>",
	"author": "lprot", 
	"homepage": "http://github.com/lprot/showtime-plugins",
	"title": "Watch.is",
	"synopsis": "Watch.is: Онлайн фильмы",
	"version": "0.5.2",
        "file": "watch_is.js",
	"showtimeVersion": "4.8",
	"type": "ecmascript",
	"id": "watch.is",
	"icon": "logo.png",
	"category": "video"
}
